"DMU","Region","Year","Total_Vessels","Total_GRT","Real_Value","SBM_Efficiency","Slack_Vessels","Slack_GRT","Slack_Pct_Vessels","Slack_Pct_GRT","Meta_CU_CRS","Meta_TE_VRS","Meta_TE_NIRS","Scale_Efficiency","RTS","Local_CU_CRS","MTR","CU_BiasCorrected","CU_CI_Lower","CU_CI_Upper"
"Aegean_2000","Aegean",2000,4068,21395.5,391957.602339181,0.446198482364243,2891.31455200219,8490.95562379878,71.0745956736036,39.6857078535149,0.5993832276765,0.873444592337322,0.599383227676518,0.68622925018353,"Increasing",1.00000000000014,0.599383227676417,0.584887189344935,0.520034781549677,0.599054031175723
"Aegean_2001","Aegean",2001,4119,23782.5,337100.071056371,0.356177578241338,3107.00088131054,12684.0475138201,75.4309512335648,53.3335331181334,0.463755712758943,0.736075110989224,0.463755712758958,0.630038573285944,"Increasing",0.849393442843882,0.545984568948669,0.451414343466338,0.402149489814576,0.463161382896907
"Aegean_2002","Aegean",2002,5023,23083,210838.830829523,0.213365404492265,4390.0463779005,16141.4863453955,87.3988926518117,69.9280264497487,0.298845197841002,0.640515191838598,0.298845197841011,0.466570038695206,"Increasing",0.498587855051456,0.599383227676415,0.291860530257282,0.259405217232573,0.298693441760689
"Aegean_2003","Aegean",2003,6021,26100.5,236337.851929093,0.207978024631678,5311.4964477879,18319.4739916088,88.2161841519332,70.1882109216635,0.296259571731476,0.58751627374495,0.296259571731485,0.504257643525441,"Increasing",0.494274043803267,0.599383227676415,0.289373120612628,0.257160828139258,0.296153348672612
"Aegean_2004","Aegean",2004,5712,25732.5,276218.000958773,0.249289231298815,4882.77331766595,16638.4872047461,85.482726149614,64.6594275905805,0.351202768114588,0.629313564859169,0.3512027681146,0.55807277599869,"Increasing",0.585940266423654,0.599383227676415,0.343014938098892,0.304852917208047,0.351028765620043
"Aegean_2005","Aegean",2005,5824,29367,429300.930026572,0.35128943181312,4535.20714546843,15232.9894100719,77.8710018109276,51.8711118264443,0.478288765586519,0.663753969195682,0.478288765586533,0.720581401819856,"Increasing",0.797968217163274,0.599383227676416,0.466922246356279,0.414974088311167,0.478039708378692
"Aegean_2006","Aegean",2006,5942,37376,490510.790641388,0.339947838267969,4469.45065795543,21226.75776804,75.2179511604752,56.7924811858948,0.429381845745466,0.556812422591925,0.429381845745479,0.77114271938604,"Increasing",0.856757214518855,0.501170971739761,0.4164138642215,0.370895040826788,0.428385042922865
"Aegean_2007","Aegean",2007,5833,39987.5,372994.794571482,0.249535524767042,4713.24229066644,27707.2741543945,80.8030565860868,69.2898384605051,0.30523694433723,0.457122116860511,0.305236944337239,0.66773611050277,"Increasing",0.663670702656255,0.459922282414395,0.294805657057423,0.263139479365326,0.304311056800653
"Aegean_2008","Aegean",2008,5314,29427,251727.786208059,0.211923313417967,4558.29473718555,21139.2863073554,85.7789751069919,71.8363622093839,0.279880796429694,0.532371389292084,0.279880796429702,0.525724714098297,"Increasing",0.491644809266376,0.56927438499214,0.272807124726483,0.2428291986005,0.279611943328639
"Aegean_2009","Aegean",2009,5713,31267.5,219155.940515741,0.172961982434382,5055.07780507835,24052.1595070007,88.4837704372195,76.9238330758799,0.229323215462254,0.478587362892345,0.229323215462261,0.479166884132372,"Increasing",0.398135474022375,0.575992923075641,0.223604209438509,0.198964606866757,0.229107325583763
"Aegean_2010","Aegean",2010,5533,29701.5,200987.035954399,0.165919748253175,4929.62218813393,23084.3401106948,89.0949247810217,77.7211255683881,0.221399989796994,0.490639340596175,0.221399989796999,0.45124793606638,"Increasing",0.37700683786229,0.587257226029054,0.215980963823011,0.192090285501484,0.221262123816933
"Aegean_2011","Aegean",2011,4709,27488,176099.492853216,0.161593507681237,4180.33641648095,21690.2205805265,88.7733365147791,78.907961948947,0.209605607483837,0.510638979010444,0.209605607483843,0.410477100455643,"Increasing",0.388124686470767,0.5400470899952,0.203941438711217,0.181579489214796,0.209274728270286
"Aegean_2012","Aegean",2012,4729,25583.5,193024.367192429,0.185469251035737,4149.52670332488,19228.497578171,87.7463883130658,75.1597614797467,0.246853967951249,0.562907488002751,0.246853967951257,0.438533814547591,"Increasing",0.423628017387859,0.582713979763143,0.240774515479532,0.214174577082901,0.246669814126167
"Aegean_2013","Aegean",2013,4509,22985,172957.310134023,0.181447657519527,3989.76947928815,17290.6716581327,88.4845748345121,75.2258936616607,0.246196768484283,0.607732698716332,0.24619676848429,0.405106996882521,"Increasing",0.410750179711728,0.599383227676416,0.240327306598034,0.213605852568243,0.246066097237432
"Aegean_2014","Aegean",2014,4372,21442.5,167042.524805867,0.185591132628733,3870.5260983258,15942.9060102234,88.5298741611575,74.3518993131558,0.254882231496646,0.64550698340871,0.254882231496654,0.394855885447896,"Increasing",0.425240847136696,0.599383227676416,0.248860107188449,0.22118074557332,0.254750514988585
"Aegean_2015","Aegean",2015,4288,22016.5,171052.127,0.187772749309881,3774.48897868358,16384.8966063176,88.0244631222851,74.4209870157273,0.254195661055968,0.632602045650752,0.254195661055976,0.401825543884353,"Increasing",0.424095385587264,0.599383227676415,0.248118807279667,0.220545871634681,0.254059145251421
"Aegean_2016","Aegean",2016,4282,23081.5,165492.500231932,0.176041451142312,3785.17938569503,17632.9379605704,88.3974634678896,76.3942463036213,0.234586071372686,0.598222964458189,0.234586071372694,0.392138191460355,"Increasing",0.401119251478395,0.584828752317618,0.228827010146168,0.203530747521573,0.234417311809798
"Aegean_2017","Aegean",2017,4130,22070,248445.414854466,0.275608216861221,3384.14865654789,13890.3528598118,81.940645436995,62.9377111908102,0.368312608852219,0.706631803087486,0.368312608852231,0.521222802657553,"Increasing",0.624342337940364,0.589920923939327,0.35932334218131,0.319554098683974,0.368099584356025
"Aegean_2018","Aegean",2018,4007,21755.5,225082.551072337,0.254629165652952,3331.28568583795,14345.0358291523,83.1366530031933,65.9375138661592,0.338501574916462,0.69370677617658,0.338501574916472,0.487960600272842,"Increasing",0.582994339733699,0.58062583432814,0.330134347625895,0.293689553590432,0.338227015798883
"Aegean_2019","Aegean",2019,3964,20609,239697.695322377,0.282226736612243,3244.4099516854,12717.3568026282,81.846870627785,61.707782049727,0.380535232581159,0.747579545798298,0.380535232581171,0.509023066133794,"Increasing",0.634878012947328,0.599383227676415,0.371386838809571,0.330160924890215,0.380326232960876
"Aegean_2020","Aegean",2020,4013,23388,254754.88701537,0.274598801685064,3248.20715871227,15000.624108014,80.942117087273,64.1381225757395,0.356383322694013,0.672623620970428,0.356383322694025,0.529840629414472,"Increasing",0.658863146654033,0.540906445449057,0.34677534574402,0.308742767976169,0.355827243956493
"Aegean_2021","Aegean",2021,4117,23680.5,265511.851484658,0.281376576105827,3319.91396301895,14938.9691572709,80.6391538260615,63.085530952771,0.366843625582953,0.674103746190837,0.366843625582964,0.544194610482257,"Increasing",0.669337097433826,0.548070063633699,0.35713102780199,0.318265601970249,0.366373494185368
"Aegean_2022","Aegean",2022,3954,22332,304513.266284917,0.340067638510457,3039.82885745422,12306.4132159664,76.8798395916597,55.1066327062799,0.446135243109934,0.752441406205972,0.446135243109946,0.592916922740173,"Increasing",0.799302929267399,0.55815539612602,0.434590520995129,0.387060502974153,0.445673828238691
"Aegean_2023","Aegean",2023,4008,24717,290692.258476756,0.302469847881825,3135.32053580791,15146.4466367235,78.2265602746484,61.2794701489806,0.384791652749259,0.667787536990325,0.384791652749271,0.576218679497209,"Increasing",0.752744524489665,0.511184924274454,0.373505958411066,0.332600640977293,0.384025543379665
"Aegean_2024","Aegean",2024,3936,21269,281742.980514517,0.325507580856796,3090.18692412503,11993.086551627,78.5108466495181,56.38763717912,0.433405049846104,0.766978433818977,0.433405049846116,0.565081142748789,"Increasing",0.742916265162346,0.583383444635438,0.422742892711414,0.376029374884162,0.433086577866884
"East_Black_Sea_2000","East_Black_Sea",2000,2761,30279.5,919697.733918129,1,0,0,0,0,0.999999999999705,0.999999999999713,0.999999999999716,0.999999999999991,"Constant",0.999999999999713,0.999999999999991,0.917574609125685,0.81753829047696,0.990069589604711
"East_Black_Sea_2001","East_Black_Sea",2001,2585,24995,642521.553765988,0.796257605389095,656.103206496395,3841.05923256198,25.3811685298412,15.3673103923264,0.845171586524978,0.968349439529931,0.845171586525005,0.872796071359583,"Increasing",0.845171586524998,0.999999999999975,0.796695429086619,0.70708757849476,0.843590464581698
"East_Black_Sea_2002","East_Black_Sea",2002,4301,26959.5,696391.410842586,0.668260047766383,2210.3819475415,4031.98485352557,51.3922796452336,14.9557108014821,0.845141652852596,0.936507143997279,0.845141652852621,0.902440155710176,"Increasing",0.845141652852617,0.999999999999975,0.819752559059661,0.73002631021183,0.843231580019993
"East_Black_Sea_2003","East_Black_Sea",2003,4588,31250,732982.924921794,0.625922604203075,2387.53154055728,7117.77083748633,52.0386124794526,22.7768666799562,0.767461910551162,0.8331597825943,0.767461910551183,0.921146131371624,"Increasing",0.76746191055118,0.999999999999977,0.741431155213265,0.661765365553756,0.765165794831193
"East_Black_Sea_2004","East_Black_Sea",2004,4420,29999.5,916908.676893576,1,0,0,0,0,1.00000000000048,1.00000000000033,1.00000000000051,1.00000000000015,"Constant",1.0000000000005,0.999999999999976,0.966205133988982,0.862432250981536,0.996950987519916
"East_Black_Sea_2005","East_Black_Sea",2005,4655,53477,1136004.76085031,0.716005328602408,1244.63045244869,16075.955191928,26.737496293205,30.0614379862895,0.720252554332338,0.746716337074759,0.74671633707476,0.964559791411433,"Decreasing",0.720252554332345,0.999999999999991,0.666535500296901,0.596741128375687,0.71555704598583
"East_Black_Sea_2006","East_Black_Sea",2006,4061,54560.5,1462778.33803953,1,0,0,0,0,0.999999999999796,0.999999999999806,0.999999999999801,0.99999999999999,"Constant",0.9999999999998,0.999999999999996,0.940088317069733,0.850652726206382,0.993045523279409
"East_Black_Sea_2007","East_Black_Sea",2007,4106,47661,1233943.94868935,0.877287325302843,401.609832791257,7035.47226801713,9.7810480465479,14.7614868928833,0.883530507389648,0.929504011228818,0.929504011228821,0.950539746699541,"Decreasing",0.883530507389656,0.999999999999991,0.818912505932757,0.734224642617278,0.87848633883546
"East_Black_Sea_2008","East_Black_Sea",2008,4042,59082.5,900775.670207385,0.585487471698346,1337.80542202131,29425.9771010722,33.0976106388251,49.8048950214907,0.608994951854136,0.612835181053175,0.60899495185414,0.993733667195086,"Increasing",0.618692437358881,0.98432583797833,0.581853187160213,0.527654668864962,0.606942381012361
"East_Black_Sea_2009","East_Black_Sea",2009,3413,48271,429674.655908875,0.335500980344161,2123.0851929796,34124.6851143872,62.2058363017756,70.6939676293991,0.346206062421386,0.484403137719947,0.346206062421388,0.714706481983075,"Increasing",0.349508642062833,0.99055079261573,0.328904238896057,0.298402788790503,0.344557195670462
"East_Black_Sea_2010","East_Black_Sea",2010,3388,51164.5,613129.245834551,0.468911990691607,1547.3410690087,30978.2515027143,45.6712239967148,60.5463778649538,0.491383101131327,0.549190595070028,0.491383101131329,0.894740561004454,"Increasing",0.502415581343713,0.978041126465705,0.471457868311631,0.425965301055183,0.48963849471372
"East_Black_Sea_2011","East_Black_Sea",2011,2811,51857.5,719232.603078615,0.612374039244342,651.811014463135,28177.9770418347,23.1878696002538,54.3373225509033,0.682909816007063,0.688629722984221,0.682909816007064,0.991693784357187,"Increasing",0.710334632731507,0.961391694194911,0.665693104211775,0.60110902549107,0.68246232601662
"East_Black_Sea_2012","East_Black_Sea",2012,2930,50147,519827.848580442,0.436950268993959,1369.43870143504,33032.5429772181,46.7385222332779,65.8714239679704,0.473529191191964,0.594271113068843,0.473529191191964,0.796823504926292,"Increasing",0.492545540024149,0.961391694194911,0.458944943621999,0.413917044241678,0.472871488565854
"East_Black_Sea_2013","East_Black_Sea",2013,2766,43685,560538.05196332,0.515414999960225,1083.22368731138,25230.2280477875,39.1621000474105,57.7548999605987,0.545284299764291,0.643864090241063,0.545284299764294,0.846893479585322,"Increasing",0.562609930151096,0.96920489764169,0.525211698959809,0.474722876701784,0.543643606591545
"East_Black_Sea_2014","East_Black_Sea",2014,3642,48169,404757.283218292,0.305144180791743,2426.88897194084,34843.0476732634,66.6361606793203,72.3350031623314,0.310518845083055,0.453931286152698,0.310518845083058,0.684065748617731,"Increasing",0.310518845083058,0.999999999999991,0.291781432092925,0.26377141226474,0.308953453211734
"East_Black_Sea_2015","East_Black_Sea",2015,3636,50639,699045.247,0.515828999757136,1537.4149369004,27624.1117645315,42.283139078669,54.5510609698681,0.530233641311847,0.573452837522862,0.53023364131185,0.924633390258023,"Increasing",0.533747534296809,0.993416563526441,0.502246647696062,0.455764049073388,0.52750503368274
"East_Black_Sea_2016","East_Black_Sea",2016,3654,57092,342185.344651637,0.239231483768549,2626.73451728725,45826.123439405,71.886549460516,80.2671537858282,0.252535619371207,0.429096916414722,0.252535619371209,0.588528161612637,"Increasing",0.25998442511414,0.971349030851895,0.243066224437558,0.220063129848136,0.251681899345563
"East_Black_Sea_2017","East_Black_Sea",2017,3757,54475.5,646653.636667782,0.453766732385981,1815.69839079232,33185.517357462,48.3284107211157,60.9182428017401,0.471086480523199,0.520756993953471,0.471086480523202,0.904618634013564,"Increasing",0.477842746998879,0.98586089980833,0.44953288742924,0.407752058014038,0.469242835318864
"East_Black_Sea_2018","East_Black_Sea",2018,3784,46337,365056.165757906,0.274500097169856,2688.07463617079,34318.1401470233,71.0379132180442,74.062067347958,0.277909508118726,0.43631626863845,0.277909508118729,0.636945097156149,"Increasing",0.277909508118728,0.999999999999991,0.259419366771565,0.233366130565447,0.275776625182424
"East_Black_Sea_2019","East_Black_Sea",2019,3806,57883,1130873.4551201,0.7676169063915,411.035008312083,20650.8947968775,10.7996586524457,35.6769600692388,0.805650685670485,0.815617578777856,0.815617578777856,0.987779943239691,"Decreasing",0.824896945064033,0.976668286252346,0.7736254335553,0.698465003771474,0.802977694894119
"East_Black_Sea_2020","East_Black_Sea",2020,3839,60647.5,687838.587978894,0.455643921828048,1774.05814859454,38001.5721515284,46.2114651887091,62.6597504456546,0.482075267666857,0.501883599865221,0.48207526766686,0.960532019369265,"Increasing",0.49741959924136,0.969152137153611,0.464336386065201,0.419709530321411,0.480655441736048
"East_Black_Sea_2021","East_Black_Sea",2021,3797,70026,805487.637931889,0.507780191355475,1378.8670783784,43506.6751900593,36.3146452035396,62.1293165253753,0.566204240138548,0.570522273997801,0.57052227399781,0.992431436849968,"Decreasing",0.588942304741565,0.961391694194911,0.551920615524788,0.498382157869216,0.565833223755373
"East_Black_Sea_2022","East_Black_Sea",2022,3766,76137.5,578958.241141761,0.355212304106128,2158.68236605905,54542.8056472027,57.3202964965228,71.6372426822561,0.410319124589173,0.477667918058451,0.410319124589173,0.859004988773316,"Increasing",0.42679703503449,0.961391694194911,0.401007336368763,0.361725293891966,0.410142317092412
"East_Black_Sea_2023","East_Black_Sea",2023,3749,78468.5,1072712.88151627,0.652136451035406,770.908994308549,38457.1396660114,20.5630566633382,49.0096531296143,0.763700175361141,0.783298212584221,0.783298212584221,0.974980107310059,"Decreasing",0.794369433366781,0.961391694194911,0.746590401720088,0.673879602220466,0.763390077238889
"East_Black_Sea_2024","East_Black_Sea",2024,3712,74106,1028144.45956841,0.643221430411927,857.640906944719,35757.0073142747,23.104550294847,48.2511636227495,0.739266466678998,0.75649532830125,0.75649532830125,0.97722542231564,"Decreasing",0.768954497051355,0.961391694194911,0.722369478384167,0.651715613284363,0.738931895573725
"Marmara_2000","Marmara",2000,3006,47550.5,367979.532163743,0.311141423717482,1901.29847597349,35435.3932282375,63.2501156345141,74.5215996219545,0.329278369302157,0.529967710708772,0.329278369302158,0.62131779474222,"Increasing",0.691259602674432,0.476345454049684,0.317181374656046,0.286738427517973,0.328327654599157
"Marmara_2001","Marmara",2001,2733,35395,483986.380862151,0.490912718501189,1280.03741427447,19460.5629791818,46.8363488574634,54.9811074422427,0.499005954396329,0.660286742932856,0.499005954396334,0.755741289276608,"Increasing",1.00000000000032,0.499005954396171,0.468320209923431,0.423008993408735,0.495936590493449
"Marmara_2002","Marmara",2002,3238,41001,432224.689745264,0.373901647887093,1940.42980451669,26770.7295421444,59.9268006336224,65.2928697888938,0.379523418606282,0.536599997660259,0.379523418606286,0.70727435754961,"Increasing",0.77094589047469,0.49228282204423,0.355566430824685,0.320682375915925,0.377122612371382
"Marmara_2003","Marmara",2003,3007,39926,456042.492179353,0.41567589901591,1637.92701605008,24911.5684833341,54.4704694396434,62.3943507572362,0.423074453305282,0.576826870228474,0.423074453305287,0.733451361476464,"Increasing",0.856403380540434,0.494013058470531,0.397611591500617,0.359501041457236,0.420949305135197
"Marmara_2004","Marmara",2004,2951,36848.5,487617.329817833,0.465865919983876,1487.13703940376,20794.5200958739,50.3943422366573,56.4324737665683,0.472393100289914,0.625317718854519,0.47239310028992,0.755444929907412,"Increasing",0.967760950084915,0.488129945983525,0.44196831007616,0.397979061628313,0.469212066525821
"Marmara_2005","Marmara",2005,3090,96080.5,457582.705934455,0.294377225133191,1819.64801263702,79013.0191808835,58.8882851986092,82.236269774703,0.395244611441548,0.543848813892018,0.395244611441549,0.726754571023161,"Increasing",0.836214345022087,0.472659448853522,0.38659813136886,0.348758963440151,0.395087175844496
"Marmara_2006","Marmara",2006,3050,69088.5,526229.326341267,0.381546085172702,1589.0696329741,49460.5533636289,52.1006437040688,71.590139261424,0.460500433002303,0.572937424842553,0.460500433002303,0.80375345200892,"Increasing",0.97427531411736,0.472659448853522,0.450290249486464,0.40633989440581,0.460317004415261
"Marmara_2007","Marmara",2007,2982,59381,314226.993865031,0.244960037545468,2109.6355488041,47660.5763015265,70.7456589136184,80.2623335772832,0.281248805396038,0.516648604016037,0.281248805396039,0.544371557785741,"Increasing",0.5950347677979,0.472659448853522,0.27480823465659,0.247940689799695,0.281121244372192
"Marmara_2008","Marmara",2008,3077,58033.5,217590.625526893,0.16786737601824,2423.77699539379,50869.6948685615,78.770783080721,87.6557417156668,0.188741550909597,0.470060189247038,0.188741550909597,0.401526347534198,"Increasing",0.399318264698625,0.472659448853522,0.184157900341303,0.166378088219271,0.188631463938629
"Marmara_2009","Marmara",2009,2963,53282.5,146338.395823446,0.119345415305852,2523.68141089424,48464.5546110951,85.1731829528938,90.9577339860087,0.131820050412708,0.46540668241647,0.131820050412708,0.283236264954933,"Increasing",0.278890120005956,0.472659448853522,0.128296128953676,0.115913759405387,0.131717617393739
"Marmara_2010","Marmara",2010,3028,50025,157513.957907045,0.129915539478066,2555.13155448516,44839.1180384036,84.3834727372905,89.6334193671237,0.138841088043512,0.458312110881819,0.138841088043512,0.302940037470042,"Increasing",0.29374444619754,0.472659448853522,0.133938833490782,0.12092617914351,0.138372918414186
"Marmara_2011","Marmara",2011,2632,49512.5,160226.143485432,0.144648553270859,2150.98937460807,44237.3238929512,81.7245203118567,89.3457690339838,0.162480905116265,0.528273126647185,0.162480905116265,0.307569885576973,"Increasing",0.343758927300357,0.472659448853522,0.15851909081132,0.143228993483948,0.162382525768914
"Marmara_2012","Marmara",2012,2523,49602,191555.408201893,0.177412522530173,1991.19932147078,42457.1315141813,78.9218914574231,85.5956040364932,0.202643184821845,0.563209380316345,0.202643184821845,0.3598007986089,"Increasing",0.428729786981672,0.472659448853522,0.197951534644807,0.178644282443032,0.20254686679289
"Marmara_2013","Marmara",2013,2492,44217.5,173366.373148366,0.168968148957361,1971.54144213992,38509.7039468517,79.1148251259999,87.0915450824938,0.185682793280951,0.563095287618983,0.185682793280951,0.329753768791247,"Increasing",0.392846887397133,0.472659448853522,0.180545113483665,0.163199862764455,0.185506547753408
"Marmara_2014","Marmara",2014,2595,41237.5,147331.676013805,0.144035223353041,2152.69951096743,36386.8525325482,82.9556651625213,88.2372901668341,0.152572356617124,0.53140655105973,0.152572356617125,0.287110417274429,"Increasing",0.320601284358283,0.475894402364963,0.146987086367482,0.132937983853316,0.152116176403445
"Marmara_2015","Marmara",2015,2493,46559.5,146536.085,0.140039010994861,2053.08793349818,41735.046027625,82.3541088446925,89.6380889563354,0.156883453426358,0.553148816686723,0.156883453426358,0.283618890059399,"Increasing",0.331916465029722,0.472659448853522,0.153011598013946,0.138289066302993,0.156788463238144
"Marmara_2016","Marmara",2016,2664,50414.5,139391.126264032,0.124055099963472,2245.53762326298,45825.2817687494,84.2919528251869,90.8970271821587,0.139654759608279,0.517642642642642,0.139654759608279,0.269789905436154,"Increasing",0.295465921493846,0.472659448853522,0.136278609268208,0.123107454624428,0.139581326359075
"Marmara_2017","Marmara",2017,2742,46788,127783.431749749,0.114910409554825,2358.38477289931,42580.9455744309,86.0096561961819,91.0082618928591,0.124383259040167,0.502917578409919,0.124383259040167,0.247323347562102,"Increasing",0.263156188545199,0.472659448853522,0.120513105934606,0.10866768416314,0.124203749291485
"Marmara_2018","Marmara",2018,2676,45136.5,228850.212286441,0.211831503784305,1988.97489074918,37601.9919248544,74.3264159472787,83.3072832959012,0.228254866392005,0.544603580188298,0.228254866392006,0.4191211271749,"Increasing",0.482916118456234,0.472659448853522,0.220854951295152,0.198957659458188,0.227886478261993
"Marmara_2019","Marmara",2019,2735,48599.5,148101.03539823,0.131446457243947,2290.38983771064,43723.5226696718,83.7436869364036,89.9670216147735,0.14452920008122,0.504204753199269,0.144529200081221,0.286647833373559,"Increasing",0.305778717492666,0.472659448853522,0.140545811421422,0.12703019350027,0.144392016529297
"Marmara_2020","Marmara",2020,2730,57088,138874.835971553,0.115981004857605,2344.45237859044,51908.0760901433,85.8773765051443,90.9264225233732,0.135773729281912,0.505128205128205,0.135773729281912,0.268790631573328,"Increasing",0.287254871580888,0.472659448853522,0.132731201598241,0.119805061766835,0.135718598774077
"Marmara_2021","Marmara",2021,2676,50561.5,92286.7228473702,0.0818124052403473,2398.9484945058,47523.1149726408,89.6468047274216,93.9907142245401,0.0920466421368951,0.515321375186846,0.0920466421368952,0.178619879882764,"Increasing",0.194741991004649,0.472659448853522,0.0898168294376445,0.0811402909000963,0.091998242182397
"Marmara_2022","Marmara",2022,2674,52015,146008.880620876,0.128145770521277,2268.64667422168,46568.9817455946,84.8409377046253,89.5299081910883,0.145737965825676,0.515706806282723,0.145737965825676,0.282598492108671,"Increasing",0.308336088867316,0.472659448853522,0.14232562660708,0.128478312026748,0.145663898274315
"Marmara_2023","Marmara",2023,2722,55646,297725.579307254,0.251610178706502,1895.44716822444,44541.0662944803,69.6343559230141,80.043608335694,0.291932780044932,0.560083996640852,0.291932780044932,0.521230354367955,"Increasing",0.61763872647218,0.472659448853522,0.285339195954343,0.257597879427963,0.291808018849712
"Marmara_2024","Marmara",2024,2640,58245,253121.116672076,0.214138559431302,1937.27913787481,48803.7782324544,73.3817855255612,83.7905025881267,0.25590530310022,0.560998480945323,0.255905303100221,0.456160420735902,"Increasing",0.541415820039019,0.472659448853522,0.250216809517504,0.225807678750023,0.255801553130633
"Mediterranean_2000","Mediterranean",2000,1379,14678.5,148524.85380117,0.328236578075805,933.117503804079,9788.56916206145,67.6662439306801,66.6864404541435,0.333032800855742,0.999999999999939,0.333032800855752,0.333032800855763,"Increasing",0.678811580366661,0.490611548901176,0.308159016730228,0.274003686051693,0.33211378249442
"Mediterranean_2001","Mediterranean",2001,1393,12609,109855.045002369,0.261796119399755,1063.20710385011,8992.207533875,76.3249895082638,71.3157866117456,0.286225273460552,1,0.28622527346056,0.286225273460552,"Increasing",0.579553151091031,0.493872344446273,0.272140730192977,0.241854365574576,0.285634641093624
"Mediterranean_2002","Mediterranean",2002,2421,20047.5,113192.35793599,0.163125990407979,2081.18824583844,16320.8321223723,85.9639919801091,81.4108099382583,0.185279691616377,0.632543352891822,0.185279691616383,0.292912241934608,"Increasing",0.375587209964301,0.493306711999027,0.177448261724202,0.158151237976273,0.184934357506015
"Mediterranean_2003","Mediterranean",2003,2193,17530,138393.899895725,0.224685765591951,1777.53136990581,12973.6137685846,81.0547820294487,74.0080648521655,0.258938317518191,0.754361613025616,0.258938317518198,0.343254896653123,"Increasing",0.525156737400916,0.493068638516794,0.248451349644924,0.22152934521522,0.258420609917987
"Mediterranean_2004","Mediterranean",2004,2104,18720,133886.145733461,0.213251517471153,1702.06397826436,14312.023987633,80.8965769137052,76.4531195920568,0.234912239007159,0.701273162343977,0.234912239007166,0.334979650756881,"Increasing",0.475755376452372,0.493766861362367,0.223799605581891,0.198931721800969,0.234472170186199
"Mediterranean_2005","Mediterranean",2005,2174,17133.5,214781.665190434,0.354655449578015,1529.20970018703,10062.175160029,70.3408325753005,58.7280775091432,0.41107975712694,0.86788880831716,0.411079757126951,0.473654865908486,"Increasing",0.833882819355157,0.492970651973413,0.394695260749385,0.351993454233817,0.410227989639256
"Mediterranean_2006","Mediterranean",2006,2204,23869,192360.830980234,0.263672449130235,1626.51868766287,17535.843391194,73.7984885509469,73.4670216230006,0.265295598076914,0.654349158710665,0.265295598076923,0.405434307579236,"Increasing",0.550071861635801,0.482292617709947,0.244331815906251,0.217405924225628,0.263617224016892
"Mediterranean_2007","Mediterranean",2007,2166,19122.5,202879.810373675,0.315245243008874,1556.9399406094,12443.0236985342,71.8808836846446,65.0700677136054,0.348439665178258,0.764793009422664,0.348439665178268,0.455599960885223,"Increasing",0.705745423447374,0.493718632245924,0.332225396507219,0.295264729831881,0.347823114639064
"Mediterranean_2008","Mediterranean",2008,2183,18625.5,193301.551171809,0.303759157843229,1602.6945767047,12261.3717621557,73.4170671875721,65.8311012437554,0.340698659911219,0.773636848854236,0.340698659911229,0.440385770682714,"Increasing",0.690369042910055,0.493502226686035,0.325712640593012,0.290119458710142,0.340101590247738
"Mediterranean_2009","Mediterranean",2009,2196,18567,195558.788166429,0.307054790335418,1608.91818581873,12128.5560331391,73.2658554562265,65.3231864767552,0.345721904308301,0.778605354701159,0.345721904308312,0.444027134184037,"Increasing",0.700631259263541,0.493443447943933,0.330721209221111,0.294675181901472,0.345132662833171
"Mediterranean_2010","Mediterranean",2010,2152,18965,229085.384390529,0.358635405860344,1464.26888685775,11422.7492791046,68.042234519412,60.2306843084871,0.39670544686788,0.80113321519287,0.396705446867893,0.49518037617798,"Increasing",0.803523245130556,0.49370749293435,0.37830248444416,0.336202548129675,0.396025049836085
"Mediterranean_2011","Mediterranean",2011,1966,20077.5,236388.134964266,0.374297817602345,1256.34549443179,12294.8185073068,63.9036365428172,61.236799936779,0.387340508820364,0.793249626677083,0.387340508820375,0.488295860211029,"Increasing",0.783195078036567,0.494564534025684,0.361569101721626,0.321033806712828,0.386568637256874
"Mediterranean_2012","Mediterranean",2012,1959,19008,201997.104100946,0.329712678725332,1352.58988953194,12357.5853169435,69.0449152389964,65.0125490159066,0.349410886931403,0.780865446521931,0.349410886931414,0.447466190862615,"Increasing",0.706907565914689,0.494280870341641,0.329181310429387,0.292144245747835,0.348729764565081
"Mediterranean_2013","Mediterranean",2013,1847,17493,159013.080178697,0.278866271295397,1369.63107955844,12257.7619606985,74.154362726499,70.0723830143402,0.298795487572625,0.791565343627612,0.298795487572635,0.377474190827122,"Increasing",0.604675627458166,0.49414177453894,0.282506086322524,0.250907477137606,0.298279180276297
"Mediterranean_2014","Mediterranean",2014,1860,15771,85768.1654443486,0.158739882690031,1602.51768156178,12947.2275041107,86.156864600096,82.0951588619026,0.17851489356105,0.799505421342971,0.178514893561055,0.223281654877574,"Increasing",0.361760211476511,0.493461933893858,0.170738364539224,0.152140272769695,0.178200978274725
"Mediterranean_2015","Mediterranean",2015,1793,15897.5,73254.67,0.137180514029373,1573.08411197399,13485.7132808761,87.7347524804233,84.8291447137987,0.151343358114725,0.793143576034192,0.151343358114729,0.190814579715136,"Increasing",0.306521112042581,0.493745298998199,0.144239264724465,0.128249181397195,0.151066200609101
"Mediterranean_2016","Mediterranean",2016,1865,16484,139521.744132109,0.251626075861884,1446.14549885045,11890.4813953065,77.541313611284,72.1334712163705,0.277983484448867,0.803746535561866,0.277983484448875,0.345859636277673,"Increasing",0.563032158069513,0.493725767639983,0.265019528953393,0.235561829817354,0.277487124355192
"Mediterranean_2017","Mediterranean",2017,1832,17269.5,156585.50016728,0.277557919767599,1361.91885266461,12114.1859468618,74.3405487262341,70.147867320199,0.298025308008916,0.797111981002796,0.298025308008925,0.373881355583176,"Increasing",0.603150497006772,0.494114337114722,0.281951576507128,0.25046252079915,0.297528906010739
"Mediterranean_2018","Mediterranean",2018,1748,16754,148082.689930934,0.272659852779175,1303.44491214802,11878.626663305,74.5677867361566,70.9002427080396,0.290570754095687,0.819739943835707,0.290570754095696,0.354466994417834,"Increasing",0.58794905079871,0.49421077166628,0.274267304838292,0.243421917488645,0.290053791095093
"Mediterranean_2019","Mediterranean",2019,1705,17721.5,183287.044247788,0.331617998530137,1154.75886043295,11687.0825477948,67.7277924007597,65.9486078932079,0.340322810871371,0.850053582211408,0.340322810871381,0.400354539987967,"Increasing",0.687994867677805,0.494658938401773,0.316555862923433,0.281704477302599,0.339598077902947
"Mediterranean_2020","Mediterranean",2020,1704,17067.5,202259.320945171,0.373247986821258,1096.80269534797,10408.452268652,64.3663553607965,60.9840472749494,0.389782670818584,0.885118716288506,0.389782670818596,0.440373323539048,"Increasing",0.788301845287304,0.494458655842071,0.365164637500206,0.324107689349344,0.389062817380397
"Mediterranean_2021","Mediterranean",2021,1675,18616,248930.898230308,0.443200558003809,927.691199873,10420.369136745,55.3845492461492,55.975339153121,0.444000950893522,0.908050789167147,0.444000950893527,0.488960481275232,"Increasing",0.936652227166944,0.474029675065712,0.40853988506603,0.364427769608991,0.440787856170209
"Mediterranean_2022","Mediterranean",2022,1644,17544.5,256930.84382176,0.475661108874824,872.674776907604,9085.48439238195,53.0824073544772,51.7853708705404,0.482010562024806,0.952429845555884,0.482010562024821,0.506085108812903,"Increasing",0.984983159470637,0.489359190956985,0.445718634040842,0.396310872819549,0.480424187862
"Mediterranean_2023","Mediterranean",2023,1595,16834.5,253073.290624533,0.485632799113777,835.255434318332,8502.48783897576,52.3671118694879,50.5063283077951,0.494739852912187,0.982325554664575,0.494739852912203,0.50364143594037,"Increasing",1.00000000000013,0.494739852912122,0.458689018503109,0.407835298054165,0.493626990127035
"Mediterranean_2024","Mediterranean",2024,1540,17267,182076.007413069,0.351053215416404,993.394481765228,11272.4538973593,64.5061351795603,65.2832217371827,0.352090128806913,0.916707726900713,0.352090128806917,0.384081118195972,"Increasing",0.745154581497665,0.47250615851983,0.324504907834184,0.289742315609319,0.349584613029062
"West_Black_Sea_2000","West_Black_Sea",2000,2167,42539,715798.611111111,0.772332810216879,179.782877535766,15840.2657448236,8.29639490243499,37.2370430541941,0.881630842685203,0.891734294174171,0.881630842685204,0.98866988568795,"Increasing",0.881630842685202,1,0.861188847117035,0.777219867569737,0.88119937547329
"West_Black_Sea_2001","West_Black_Sea",2001,2159,34902.5,558290.857413548,0.651465815521063,482.969930041841,16521.7131462207,22.3700754998537,47.336761395948,0.692421737417925,0.823870257133653,0.692421737417928,0.840449975493649,"Increasing",0.700849110151217,0.987975482009995,0.667285696118325,0.60264644817967,0.68979133330795
"West_Black_Sea_2002","West_Black_Sea",2002,2713,41282.5,566873.285434357,0.539681459637022,1011.2048521342,22619.1511482276,37.2725710333285,54.791137039248,0.566488273465638,0.658720322632203,0.566488273465641,0.859982991267051,"Increasing",0.601645326357898,0.941565152504241,0.544001479221709,0.491105967446267,0.564683007078736
"West_Black_Sea_2003","West_Black_Sea",2003,2733,39763.5,586624.087591241,0.565045648277591,971.911496564494,20449.8892286389,35.5620745175446,51.4287958269238,0.58708906165422,0.679720718390608,0.587089061654222,0.863721004480024,"Increasing",0.646391792947657,0.908255748385964,0.560546621484447,0.508651184595503,0.585056559649451
"West_Black_Sea_2004","West_Black_Sea",2004,2766,38193,692404.721955896,0.674185185372555,687.350279753336,15396.7398753303,24.8499739607135,40.312988964811,0.691490960799728,0.753416094829893,0.691490960799731,0.917807524347955,"Increasing",0.794322371362451,0.870541968512932,0.65385725369746,0.59327223522536,0.687594231838166
"West_Black_Sea_2005","West_Black_Sea",2005,2653,53194,771712.134632418,0.674337231717663,510.55442417755,24409.7345876073,19.2444185517358,45.8881351047248,0.776377452642397,0.779838199065366,0.779838199065389,0.995562225052432,"Decreasing",0.776377452642397,1,0.758680680756779,0.684431568987555,0.776042909732458
"West_Black_Sea_2006","West_Black_Sea",2006,2566,37380,440574.324324324,0.451746500344378,1243.36358958238,22874.831876406,48.4553230546525,61.1953768764206,0.469507323962654,0.648441457103879,0.469507323962656,0.724055068995134,"Increasing",0.516416884088867,0.909163388007777,0.448367073113213,0.406783915740246,0.467924703886395
"West_Black_Sea_2007","West_Black_Sea",2007,2594,45166,393025.469418107,0.37067304658547,1414.10873676948,32226.2978975041,54.5146004922697,71.3507901906393,0.404394796071632,0.623560450797814,0.404394796071632,0.648525408489633,"Increasing",0.404394796071632,1,0.392605938273896,0.354123292401806,0.403926844797028
"West_Black_Sea_2008","West_Black_Sea",2008,2545,44347,170594.756364863,0.163941469216926,2032.86203884985,38730.4547647059,79.8767009371256,87.335005219532,0.178909221615945,0.550306358622312,0.178909221615945,0.325108403369794,"Increasing",0.178909221615945,1,0.173705430910118,0.156695155873086,0.178705555846633
"West_Black_Sea_2009","West_Black_Sea",2009,2560,39723,163038.569846543,0.163161451856279,2070.5462645554,34355.2294884477,80.8807134591952,86.4869961695938,0.171985907656291,0.544202521110235,0.171985907656292,0.316032912352961,"Increasing",0.1798327820516,0.95636571760839,0.165448268358265,0.14950225767751,0.171399204155331
"West_Black_Sea_2010","West_Black_Sea",2010,2549,40369,226405.437006723,0.225647532572228,1869.31428531181,32914.9820362541,73.3352014637822,81.5352920217347,0.238857977094328,0.570801980272782,0.238857977094329,0.418460316098026,"Increasing",0.24573069372116,0.972031509280519,0.230092707113323,0.208038121267542,0.238167552951662
"West_Black_Sea_2011","West_Black_Sea",2011,2182,40273.5,221841.81693238,0.243286036088841,1516.01460723346,32969.7315464679,69.4782129804521,81.8645798017751,0.271358545183617,0.664767339341558,0.271358545183617,0.408200778113427,"Increasing",0.271358545183617,1,0.264523672586802,0.238854950313882,0.271184789975208
"West_Black_Sea_2012","West_Black_Sea",2012,2183,39156.5,299420.251104101,0.331760472898662,1284.11846228373,29298.5921690539,58.8235667560112,74.8243386642164,0.366085282417297,0.699130475964388,0.366085282417297,0.523629415399628,"Increasing",0.366085282417296,1,0.356236480369434,0.321910977997022,0.365784737082859
"West_Black_Sea_2013","West_Black_Sea",2013,2113,38375,231160.725370327,0.263372984490998,1419.03856113877,30764.4221702282,67.1575277396486,80.1678753621582,0.291990946896155,0.690777632599532,0.291990946896156,0.422698902101587,"Increasing",0.291990946896155,1,0.284363305590653,0.256851228126618,0.291774398573319
"West_Black_Sea_2014","West_Black_Sea",2014,2126,34786.5,253801.806514236,0.299297727519896,1364.06837622553,26430.5026794573,64.1612594649828,75.9791950309958,0.318850761379369,0.696942623628448,0.318850761379371,0.457499298463562,"Increasing",0.319671942590706,0.997431175208305,0.307281588882211,0.277197881857358,0.317667181776732
"West_Black_Sea_2015","West_Black_Sea",2015,2130,34729,241966.293,0.28520936636904,1403.59945519597,26762.6670422329,65.8966880373696,77.0614386887986,0.303638147481597,0.690213244204565,0.303638147481599,0.439919329324844,"Increasing",0.305269305672079,0.994656658366321,0.292629306627214,0.263929536454629,0.302566447526937
"West_Black_Sea_2016","West_Black_Sea",2016,2036,33824,386649.056498748,0.473232771961233,875.251195667749,21094.230561108,42.9887620661959,62.3646835415918,0.506866998807257,0.791402493223925,0.506866998807258,0.640466770255475,"Increasing",0.506866998807257,1,0.489402291946139,0.441474666671449,0.505483886463073
"West_Black_Sea_2017","West_Black_Sea",2017,2018,33793.5,247807.834560054,0.30503878152938,1274.06271931812,25634.8441179519,63.1349216708683,75.8573220233236,0.327754532100636,0.73134428363159,0.327754532100636,0.448153543325896,"Increasing",0.327754532100636,1,0.316841134462259,0.285545402268499,0.3270977748452
"West_Black_Sea_2018","West_Black_Sea",2018,1953,32682.5,258582.466739367,0.328985199403869,1176.71648386537,24169.1074875666,60.2517400852722,73.9512200338611,0.353387892299111,0.761066901494601,0.353387892299111,0.464332230984056,"Increasing",0.35338789229911,1,0.341587468487679,0.307840668458706,0.352675560114061
"West_Black_Sea_2019","West_Black_Sea",2019,1882,28776.5,202676.422250316,0.277591182261905,1273.5505266616,22103.719910193,67.6700598651221,76.8117036824945,0.291686719632946,0.760800246565008,0.291686719632948,0.383394617640969,"Increasing",0.308592811054289,0.945215537058093,0.280241285455942,0.252840521106864,0.290656991867072
"West_Black_Sea_2020","West_Black_Sea",2020,1957,32852,613437.564808442,0.777896767547723,115.415472851934,12655.6006194192,5.89757142830528,38.5230750621551,0.836631816449072,0.93639894197573,0.836631816449072,0.893456601610252,"Increasing",0.836631816449071,1,0.80903955951742,0.728888070738226,0.835157615234918
"West_Black_Sea_2021","West_Black_Sea",2021,1955,31747.5,494356.222673871,0.635896312044892,470.906389171172,15471.6533903897,24.0872833335638,48.7334542574681,0.676462643787401,0.877936686203783,0.676462643787405,0.770514154856018,"Increasing",0.682261743041128,0.991500184038054,0.651934175134028,0.588347605823781,0.673966941179896
"West_Black_Sea_2022","West_Black_Sea",2022,2026,34042,725852.645408831,0.894558485460149,0,7178.88007593254,0,21.0883029079741,0.956233287515412,0.958635809676179,0.956233287515413,0.997493811376002,"Increasing",0.956233287515412,1,0.924806094409535,0.833086935506482,0.954636190513893
"West_Black_Sea_2023","West_Black_Sea",2023,1914,33191.5,373223.161004431,0.477800565146303,793.556717897691,20903.7555739176,41.4606435683224,62.9792434024301,0.520452966502314,0.835004292265609,0.520452966502315,0.623293761868187,"Increasing",0.520452966502314,1,0.505090031523321,0.455350939202084,0.519822967347106
"West_Black_Sea_2024","West_Black_Sea",2024,1945,31929,728726.848817364,1,0,0,0,0,0.99999999999968,0.999999999999846,0.999999999999685,0.999999999999834,"Constant",0.999999999999684,0.999999999999996,0.963658914064587,0.869760118681818,0.996044512204958
