"","Aegean","East_Black_Sea","Marmara","Mediterranean","West_Black_Sea"
"2001",0.773721537982779,0.797877890186717,1.45920554995606,0.823134190571304,0.782845272907573
"2002",0.644402191971143,0.852555583774238,0.75735352651439,0.627087487508594,0.810331621105243
"2003",0.991347941582446,0.938317262788838,1.11485747546014,1.36388327538843,1.0359987073609
"2004",1.18545627424626,1.30123092063031,1.11565936235886,0.977188997343122,1.18079199497838
"2005",1.3618593274597,0.847481180952653,0.816516222562488,1.67336086335026,1.091668715232
"2006",0.897746040969457,1.33600629181978,1.16510236868949,0.642882055780935,0.623272603179835
"2007",0.71075966365182,0.897597284579341,0.610746017245617,1.31647234585074,0.882446107014109
"2008",0.917078790170311,0.660822278651553,0.671083920316823,0.97821256783755,0.442412274722384
"2009",0.819360307629608,0.574300751682353,0.698415636500976,1.01309639553217,0.950106962137161
"2010",0.965449526558881,1.39165776991487,1.0532622890738,1.15592840983251,1.39465447517165
"2011",0.946728171379002,1.27919628932395,1.10745112666794,0.975976897064978,1.06056029370489
"2012",1.17770688921232,0.719896560197545,1.2471815360509,0.901317470729148,1.36816686281921
"2013",0.997337699400094,1.1874405227232,0.916304160163078,0.855381462321398,0.797603621123772
"2014",1.03527854189897,0.617205121651266,0.82036462350371,0.598271527822641,1.09123150811831
"2015",0.99730632285881,1.67200888185187,1.02990829489079,0.847304657390393,0.952182004364741
"2016",0.922856316265115,0.45987385103266,0.890181574654296,1.83684625935749,1.65613850639679
"2017",1.57005318643613,1.90792372712134,0.890648191218492,1.07125408089444,0.646628273041838
"2018",0.919060512132182,0.653132759610404,1.83509314801179,0.976616274606644,1.0782090182985
"2019",1.12417566351078,2.53039645709125,0.633192195924559,1.18150100362004,0.844671080647137
"2020",0.936531737880555,0.591652803199438,0.939420748233656,1.14579611320077,2.77791922220074
"2021",1.02935126932951,1.13286398425126,0.677941473830886,1.12837590195956,0.820196310046433
"2022",1.21614555084875,0.72468394883226,1.58330562030638,1.0951732097867,1.3928660450738
"2023",0.86250001247815,1.83250748848539,1.9591297000283,1.02549630137321,0.536779522931454
"2024",1.12633693259589,0.988740094470152,0.867368496851597,0.70523076147575,1.9681851163077
