Year,Enforcement Services,Fuel tax concessions,Infrastructure invesment,Management Services,Reduction of Fleet Capacity,Research Services,Support to small scale fisheries
2012,77343502.68,87036552.58,28126197.89,3826739.154,,2009372.952,
2013,113380706.0,77872775.86,21282426.29,2599067.677,32606485.4,2520308.05,
2014,61670685.06,65209668.91,12162120.6,2809489.602,24668689.19,3426206.832,
2015,78325258.24,55153720.85,12116567.87,3497289.601,8263049.041,4039712.864,
2016,95404506.17,60714801.28,9581940.043,3827349.968,,5277163.899,
2017,70438548.5,47867379.54,15369855.73,2211277.079,6139390.998,4440095.275,1914037.368
2018,53858069.36,32427497.76,15564094.59,2183622.324,826503.5293,4029204.705,1693609.044
2019,52262180.93,32036463.76,10418753.43,3927247.475,,1453361.668,2260329.724
2020,52943389.26,32932092.14,3783594.943,3880507.876,,1318300.935,1957284.961
2021,45622083.85,9262818.77,2184511.932,6213447.754,,9757187.655,2542431.99
2022,31477690.41,11720469.05,16191384.81,13935355.89,,5708742.942,1125127.395
