Region,Year,Year_Norm,Buyback,Total_Vessels,Total_GRT,Catch_Volume_Tonnes,Real_Catch_Value_Thousand_TRY,Log_Value,Modernization_Index,Vessels_Echo_Sounder,Vessels_GPS,Vessels_Radar,Vessels_Radio,Vessels_Sonar,CU_SBM,Slack_Vessels,Slack_GRT,Perc_Slack_Vessels,Perc_Slack_GRT,CU_Boot_BC,CU_Boot_CI_Low,CU_Boot_CI_Up,MTR_CRS,MTR_VRS,CU_Score,Scale_Efficiency,RTS
Aegean,2000,0,0,4068,21395.5,40242.0,391957.6023391813,12.878908955625171,-2.672182137276168,,,,,,0.257165664376951,3021.85007731419,3021.85007731419,74.2834335622956,74.2834335622956,0.25155701720052,0.231367888188144,0.25707357431311,0.257165664377044,0.397363343459222,0.257165664376951,0.6471801403173055,non-CRS
Aegean,2001,1,0,4119,23782.5,42996.0,337100.0710563714,12.72813511200935,-2.672182137276168,,,,,,0.218434829045994,3219.26693915818,3219.26693915818,78.1565170953673,78.1565170953673,0.213670880911458,0.196522367111619,0.218356608349965,0.257165664377043,0.391083696221692,0.218434829045994,0.5756599297839525,non-CRS
Aegean,2002,2,0,5023,23083.0,32559.0,210838.8308295232,12.258849285656495,-2.672182137276168,,,,,,0.112032043062597,4460.26304769911,4460.26304769911,88.7967956937907,88.7967956937907,0.109588683434251,0.100793460415738,0.111991924805875,0.257165664377043,0.365799968455823,0.112032043062597,0.3908469081229897,non-CRS
Aegean,2003,3,0,6021,26100.5,31483.0,236337.8519290928,12.373017636250513,-2.672182137276168,,,,,,0.104765789866244,5390.20517921338,5390.20517921338,89.523421013343,89.523421013343,0.102480903379215,0.0942561271330462,0.104728273628444,0.257165664377044,0.372119801887155,0.104765789866244,0.4306755807456532,non-CRS
Aegean,2004,4,0,5712,25732.5,33946.0,276218.0009587727,12.528945691471463,-2.672182137276168,,,,,,0.129068009993808,4974.76352691463,4974.76352691463,87.0931990006063,87.0931990006063,0.126253104934215,0.116120450905733,0.129021791221572,0.257165664377044,0.382003942070423,0.129068009993808,0.490324820963928,non-CRS
Aegean,2005,5,0,5824,29367.0,38774.0,429300.9300265722,12.969913420589462,-2.672182137276168,,,,,,0.196741191827978,4678.17929879188,4678.17929879188,80.3258808171683,80.3258808171683,0.192450370451698,0.177004944198962,0.196670739542375,0.257165664377044,0.345934079178872,0.196741191827978,0.693217007703809,non-CRS
Aegean,2006,6,0,5942,37376.0,47680.0,490510.7906413877,13.103202557014459,-2.672182137276168,,,,,,0.220328538281195,4632.80782553041,4632.80782553041,77.9671461718346,77.9671461718346,0.21552328934936,0.198226107413157,0.220249639454875,0.257165664377044,0.288221965117277,0.220328538281195,0.7644404831937757,non-CRS
Aegean,2007,7,0,5833,39987.5,44386.0,372994.7945714816,12.829319742956137,1.927428924710573,816.0,429.0,1153.0,410.0,740.0,0.170673317176149,4837.4625409115,4837.4625409115,82.9326682823848,82.9326682823848,0.166951022363558,0.153552088925898,0.170612199698713,0.257165664377043,0.395217757355126,0.170673317176149,0.6229992244496355,non-CRS
Aegean,2008,8,0,5314,29427.0,32870.0,251727.7862080593,12.436103569182425,2.697522938330831,637.0,537.0,1490.0,481.0,842.0,0.126434164012094,4642.12885243731,4642.12885243731,87.356583598745,87.356583598745,0.123676701741151,0.113750821258608,0.126388888410577,0.257165664377044,0.375934137378012,0.126434164012094,0.4540661606505811,non-CRS
Aegean,2009,9,0,5713,31267.5,44801.0,219155.9405157412,12.297538812555729,1.955961407133397,955.0,636.0,1079.0,419.0,578.0,0.102386773689257,5128.06436191446,5128.06436191446,89.7613226310951,89.7613226310951,0.10015377228677,0.0921157638373297,0.102350109367762,0.257165664377044,0.367861331817254,0.102386773689257,0.4039883614138386,non-CRS
Aegean,2010,10,0,5533,29701.5,34996.0,200987.0359543993,12.210995687221837,2.685768700205832,1014.0,703.0,1139.0,344.0,898.0,0.0969532139335603,4996.55786730592,4996.55786730592,90.3046786066496,90.3046786066496,0.0948387155968246,0.0872272759086758,0.0969184953497285,0.257165664377044,0.363358239325622,0.0969532139335603,0.3750876614289312,non-CRS
Aegean,2011,11,0,4709,27488.0,31329.9,176099.4928532161,12.078804414600627,1.108548832289701,1936.0,713.0,528.0,301.0,226.0,0.099812342857449,4238.98367748465,4238.98367748465,90.018765714263,90.018765714263,0.0976354884304596,0.0897995890624142,0.0997766004301812,0.257165664377043,0.357189958343368,0.099812342857449,0.3343171141768528,non-CRS
Aegean,2012,12,1,4729,25583.5,34784.1,193024.367192429,12.170571714800598,0.9860282854055534,1937.0,713.0,289.0,300.0,288.0,0.10894258054034,4213.81053662499,4213.81053662499,89.1057419459715,89.1057419459715,0.106566600456645,0.0980139197603457,0.108903568609058,0.257165664377044,0.361384722771868,0.10894258054034,0.3621947019540114,non-CRS
Aegean,2013,13,1,4509,22985.0,30142.7,172957.310134023,12.060800080798026,0.8172811307998482,2117.0,716.0,224.0,263.0,221.0,0.102379622074167,4047.37028406947,4047.37028406947,89.7620377926252,89.7620377926252,0.10014677664445,0.0921093296419811,0.102342960313461,0.257165664377044,0.356411180549563,0.102379622074167,0.32906928554529,non-CRS
Aegean,2014,14,1,4372,21442.5,31405.6,167042.5248058671,12.026003698539833,0.8729800142911351,1763.0,717.0,340.0,195.0,340.0,0.101976881586739,3926.15707370387,3926.15707370387,89.8023118413511,89.8023118413511,0.0997528197142777,0.0917469903839253,0.101940364046054,0.257165664377044,0.354945223958129,0.101976881586739,0.3191283993914371,non-CRS
Aegean,2015,15,1,4288,22016.5,33085.7,171052.127,12.049723625288975,1.375458360350896,2091.0,744.0,583.0,240.0,315.0,0.1064703145608,3831.45529116335,3831.45529116335,89.3529685439214,89.3529685439214,0.104148253291116,0.0957896610900013,0.106432187938819,0.257165664377044,0.355938988302803,0.1064703145608,0.3258762142422097,non-CRS
Aegean,2016,16,1,4282,23081.5,32099.2,165492.5002319325,12.016681156953323,0.9910680116791823,2422.0,684.0,224.0,219.0,290.0,0.103154098800989,3840.29414893484,3840.29414893484,89.6845901199168,89.6845901199168,0.100904362443596,0.0928061141261523,0.103117159703336,0.257165664377044,0.354561056382304,0.103154098800989,0.3165097040030074,non-CRS
Aegean,2017,17,1,4130,22070.0,43832.6,248445.4148544664,12.422978441857017,1.105748266381203,2780.0,638.0,279.0,198.0,280.0,0.160559412135437,3466.88962788211,3466.88962788211,83.9440587864917,83.9440587864917,0.157057696244255,0.14445276823569,0.160501916409311,0.257165664377044,0.375120614375169,0.160559412135437,0.4491173163832123,non-CRS
Aegean,2018,18,1,4007,21755.5,39578.0,225082.5510723373,12.32422250755237,0.974266957969608,2304.0,732.0,378.0,172.0,236.0,0.149926126705409,3406.24601029005,3406.24601029005,85.0073873294248,85.0073873294248,0.146656317148176,0.134886169209808,0.149872438719633,0.257165664377043,0.36933021924567,0.149926126705409,0.4132631960848718,non-CRS
Aegean,2019,19,0,3964,20609.0,37591.1,239697.6953223767,12.38713380553427,1.01479149774987,2821.0,686.0,263.0,207.0,186.0,0.161393131201823,3324.2376279143,3324.2376279143,83.8606868797755,83.8606868797755,0.157873232339264,0.145202852117839,0.161335336924701,0.257165664377044,0.372952526034407,0.161393131201823,0.4358229043208609,non-CRS
Aegean,2020,20,0,4013,23388.0,37909.3,254754.8870153705,12.448057134474553,2.456464672019114,2386.0,1043.0,583.0,237.0,523.0,0.169436978842707,3333.04940390381,3333.04940390381,83.0563021157191,83.0563021157191,0.165741647915614,0.152439774846318,0.169376304093511,0.257165664377043,0.376684392566529,0.169436978842707,0.4586111855080896,non-CRS
Aegean,2021,21,0,4117,23680.5,33767.2,265511.8514846577,12.489414757028161,1.936189048836744,2740.0,890.0,492.0,268.0,321.0,0.172130519354238,3408.33865182021,3408.33865182021,82.7869480646152,82.7869480646152,0.168376443732084,0.154863110719225,0.172068880057652,0.257165664377043,0.37935046446816,0.172130519354238,0.474616722785579,non-CRS
Aegean,2022,22,0,3954,22332.0,38625.4,304513.266284917,12.626469932621207,1.917491755364066,2609.0,916.0,311.0,219.0,459.0,0.205553268843777,3141.24237499226,3141.24237499226,79.4446731156363,79.4446731156363,0.201070260726117,0.18493303076717,0.205479660985681,0.257165664377043,0.387245872293435,0.205553268843777,0.53080815975234,non-CRS
Aegean,2023,23,0,4008,24717.0,36031.5,290692.2584767563,12.580020455565453,2.940429106020443,2734.0,1042.0,580.0,287.0,627.0,0.193580045746907,3232.13117664751,3232.13117664751,80.6419954253371,80.6419954253371,0.189358167294618,0.174160910976338,0.193510725455153,0.257165664377044,0.384899524657946,0.193580045746907,0.5112177802933939,non-CRS
Aegean,2024,24,0,3936,21269.0,30614.0,281742.9805145172,12.548750517712403,2.932395390910008,2798.0,1042.0,467.0,268.0,680.0,0.191052554907078,3184.01714388594,3184.01714388594,80.8947445092972,80.8947445092972,0.186885799693964,0.171886967371211,0.190984139700604,0.257165664377044,0.383373286813795,0.191052554907078,0.4983460284750044,non-CRS
East_Black_Sea,2000,0,0,2761,30279.5,243417.0,919697.7339181287,13.731800344951827,-2.672182137276168,,,,,,0.889065063620789,306.291359343033,306.291359343033,11.0934936379222,11.0934936379222,0.869675024631722,0.799877801455333,0.888746692741658,0.961391694194912,0.903838719002229,0.889065063620789,0.9836545446982714,CRS
East_Black_Sea,2001,1,0,2585,24995.0,221690.0,642521.5537659876,13.373155641906324,-2.672182137276168,,,,,,0.663409961483182,870.085249565803,870.085249565803,33.6590038516752,33.6590038516752,0.648941340968256,0.596859468635396,0.663172396853762,0.961391694194912,0.719885806583115,0.663409961483182,0.9215488837485704,non-CRS
East_Black_Sea,2002,2,0,4301,26959.5,251818.0,696391.4108425864,13.453667153145009,-2.672182137276168,,,,,,0.432154259896507,2442.30452818423,2442.30452818423,56.7845740103286,56.7845740103286,0.422729203968665,0.388802364911659,0.431999507070541,0.961391694194911,0.730548128470688,0.432154259896507,0.9713813200640323,CRS
East_Black_Sea,2003,3,0,4588,31250.0,204754.0,732982.9249217935,13.504877685811367,-2.672182137276168,,,,,,0.426407940473226,2631.64036911005,2631.64036911005,57.3592059527037,57.3592059527037,0.417108208733302,0.383632492047072,0.426255245382147,0.961391694194912,0.740704863986434,0.426407940473226,0.9995355423246569,CRS
East_Black_Sea,2004,4,0,4420,29999.5,233084.0,916908.6768935762,13.72876315728646,-2.672182137276168,,,,,,0.55367976021209,1972.73545986296,1972.73545986296,44.6320239787999,44.6320239787999,0.541604297372579,0.498136938938302,0.553481489557992,0.961391694194912,0.901505044753407,0.55367976021209,0.9838412045641232,CRS
East_Black_Sea,2005,5,0,4655,53477.0,170841.0,1136004.76085031,13.943028069143809,-2.672182137276168,,,,,,0.651351325190799,1622.95958123594,1622.95958123594,34.8648674809009,34.8648674809009,0.637145697158165,0.5860105039413,0.65111807871416,0.961391694194911,0.951276742999925,0.651351325190799,0.972109377116025,CRS
East_Black_Sea,2006,6,0,4061,54560.5,229874.0,1462778.338039532,14.195848156588468,-2.672182137276168,,,,,,0.96139169419489,156.788329874465,156.788329874465,3.86083058050887,3.86083058050887,0.94042424963219,0.86494892911248,0.961047423419566,0.961391694194912,0.999999999999965,0.96139169419489,0.96139169419489,CRS
East_Black_Sea,2007,7,0,4106,47661.0,341188.0,1233943.948689347,14.025726059959881,0.7106300064519363,426.0,311.0,690.0,923.0,137.0,0.802105182582959,812.556120314374,812.556120314374,19.7894817417042,19.7894817417042,0.784611692623852,0.721641369381487,0.801817951712681,0.961391694194911,0.968156749646109,0.802105182582959,0.9682741461052652,CRS
East_Black_Sea,2008,8,0,4042,59082.5,283991.0,900775.6702073849,13.71101152690799,0.8874605519497655,486.0,389.0,880.0,766.0,183.0,0.594805770537531,1637.79507548641,1637.79507548641,40.519422946225,40.519422946225,0.581833371156452,0.535137361143661,0.594592772813042,0.961391694194911,0.887947151915615,0.594805770537531,0.9849450461128233,CRS
East_Black_Sea,2009,9,0,3413,48271.0,239703.0,429674.6559088752,12.97078358712738,0.6159664707016808,413.0,357.0,785.0,751.0,157.0,0.336014705528123,2266.18181003103,2266.18181003103,66.398529447144,66.398529447144,0.32868640245197,0.302307125667864,0.335894379917423,0.961391694194912,0.63956205378653,0.336014705528123,0.6936674834719078,non-CRS
East_Black_Sea,2010,10,0,3388,51164.5,255570.0,613129.2458345513,13.326331034186332,0.7089565330144503,444.0,411.0,919.0,640.0,178.0,0.483018166938204,1751.53445041406,1751.53445041406,51.6981833062002,51.6981833062002,0.472483796088776,0.434563819052755,0.482845199936314,0.961391694194911,0.708793793966654,0.483018166938204,0.8931541353013326,non-CRS
East_Black_Sea,2011,11,0,2811,51857.5,293262.5,719232.6030786147,13.485940093535055,0.589150907245495,481.0,368.0,996.0,574.0,163.0,0.682909816006939,891.340507204384,891.340507204384,31.7090183993022,31.7090183993022,0.668015913974418,0.614403179892746,0.682665268552435,0.961391694194911,0.734985414183234,0.682909816006939,0.9916937843568915,CRS
East_Black_Sea,2012,12,1,2930,50147.0,157043.5,519827.8485804417,13.161252975322784,0.4349191632835189,669.0,390.0,837.0,507.0,159.0,0.473529191192087,1542.55946980722,1542.55946980722,52.6470808807926,52.6470808807926,0.463201769886984,0.4260267373831,0.473359622157101,0.961391694194912,0.67358389218248,0.473529191192087,0.7968235049264186,non-CRS
East_Black_Sea,2013,13,1,2766,43685.0,166204.9,560538.05196332,13.236652408509013,0.2077967780333373,811.0,387.0,618.0,474.0,153.0,0.54088851391929,1269.90237049995,1269.90237049995,45.9111486080966,45.9111486080966,0.529092021398068,0.486628856592334,0.54069482376208,0.961391694194911,0.688947030408813,0.54088851391929,0.8400662843562606,non-CRS
East_Black_Sea,2014,14,1,3642,48169.0,124713.1,404757.2832182916,12.911042865740658,-0.08750241978646188,646.0,434.0,376.0,412.0,190.0,0.296626239282685,2561.68723653228,2561.68723653228,70.3373760717265,70.3373760717265,0.29015697783041,0.266869944439527,0.296520018534386,0.961391694194912,0.630158783621501,0.296626239282685,0.6631915217540914,non-CRS
East_Black_Sea,2015,15,1,3636,50639.0,235311.7,699045.247,13.457470750165333,-0.1561958024214628,676.0,396.0,359.0,351.0,241.0,0.51314044626977,1770.22133736174,1770.22133736174,48.6859553729852,48.6859553729852,0.501949124434208,0.461664358206543,0.512956692592596,0.961391694194911,0.73106620227957,0.51314044626977,0.9737656089408486,CRS
East_Black_Sea,2016,16,1,3654,57092.0,115808.4,342185.3446516374,12.74310781267228,0.4404457299396479,525.0,411.0,969.0,358.0,244.0,0.249946866924779,2740.69414825656,2740.69414825656,75.005313307514,75.005313307514,0.24449565790407,0.224873250088444,0.249857361885212,0.961391694194911,0.606545505833421,0.249946866924779,0.582495136560675,non-CRS
East_Black_Sea,2017,17,1,3757,54475.5,152428.6,646653.6366677817,13.379566092685586,0.5729229569037847,1565.0,423.0,701.0,342.0,176.0,0.459394048096288,2031.05656130265,2031.05656130265,54.060595190382,54.060595190382,0.449374906788695,0.413309572300928,0.459229540803091,0.961391694194911,0.720713641082022,0.459394048096288,0.9254707243886611,non-CRS
East_Black_Sea,2018,18,1,3784,46337.0,82729.5,365056.1657579062,12.807806499515287,0.7973151784115269,1156.0,399.0,1106.0,372.0,181.0,0.257491795273654,2809.65104668356,2809.65104668356,74.25082047261,74.25082047261,0.251876035354949,0.231661303007199,0.257399588423718,0.961391694194912,0.61517645229912,0.257491795273654,0.6127090178455634,non-CRS
East_Black_Sea,2019,19,0,3806,57883.0,262749.4,1130873.455120101,13.938500861234571,1.303449850442456,990.0,398.0,1599.0,385.0,211.0,0.793049071551539,787.655233674667,787.655233674667,20.6950928448415,20.6950928448415,0.775753090585884,0.713493729261434,0.792765083640618,0.961391694194911,0.950325552934135,0.793049071551539,0.9723295478006634,CRS
East_Black_Sea,2020,20,0,3839,60647.5,131272.7,687838.5879788942,13.44130947889434,1.516721647905303,1623.0,505.0,795.0,398.0,458.0,0.478215071240321,2003.132341507,2003.132341507,52.1784928759312,52.1784928759312,0.467785453368994,0.430242549683459,0.478043824209398,0.961391694194911,0.728873926845147,0.478215071240321,0.9636531034532453,CRS
East_Black_Sea,2021,21,0,3797,70026.0,143261.9,805487.6379318892,13.599203134407393,1.495081916368204,1150.0,522.0,1417.0,404.0,237.0,0.566204240138286,1647.12250019499,1647.12250019499,43.3795759861731,43.3795759861731,0.553855625013349,0.509405015795354,0.566001484514774,0.961391694194912,0.805761448994899,0.566204240138286,0.9924314368491794,CRS
East_Black_Sea,2022,22,0,3766,76137.5,97397.8,578958.241141761,13.26898563157381,1.654604961307149,873.0,444.0,1646.0,367.0,367.0,0.410319124589619,2220.73817679615,2220.73817679615,58.9680875410555,58.9680875410555,0.401370281417633,0.369157638401537,0.410172190843088,0.961391694194911,0.695898405960589,0.410319124589619,0.8590049887741611,non-CRS
East_Black_Sea,2023,23,0,3749,78468.5,237265.1,1072712.881516273,13.885701401011856,1.365636090247714,1176.0,478.0,1191.0,385.0,334.0,0.763700175361156,885.888042571669,885.888042571669,23.6299824639016,23.6299824639016,0.747044278304852,0.687088990710421,0.763426697180558,0.961391694194911,0.939022018275511,0.763700175361156,0.9749801073098294,CRS
East_Black_Sea,2024,24,0,3712,74106.0,133065.6,1028144.459568409,13.843266239996545,1.38732269798458,629.0,477.0,1655.0,396.0,244.0,0.739266466679183,967.842875686933,967.842875686933,26.0733533320833,26.0733533320833,0.723143455890962,0.665106368760927,0.739001738118239,0.961391694194911,0.929654956767756,0.739266466679183,0.9772254223156295,CRS
Marmara,2000,0,0,3006,47550.5,46137.0,367979.5321637426,12.815782596484002,-2.672182137276168,,,,,,0.326730382814142,2023.8484692594,2023.8484692594,67.326961718543,67.326961718543,0.319604565907987,0.293954167100319,0.326613381884965,0.472659448853522,0.602756915626506,0.326730382814142,0.6165099801592611,non-CRS
Marmara,2001,1,0,2733,35395.0,68327.0,483986.3808621506,13.089812046588303,-2.672182137276168,,,,,,0.472659448853179,1441.22172628333,1441.22172628333,52.7340551146478,52.7340551146478,0.462350996169257,0.425244243932561,0.472490191270292,0.472659448853522,0.624314017313955,0.472659448853179,0.7570860748677062,non-CRS
Marmara,2002,2,0,3238,41001.0,68047.0,432224.6897452644,12.97670084716432,-2.672182137276168,,,,,,0.356276815441113,2084.37567160021,2084.37567160021,64.3723184558434,64.3723184558434,0.348506606460548,0.320536626064855,0.356149234044743,0.472659448853522,0.61487338968626,0.356276815441113,0.6967359079835798,non-CRS
Marmara,2003,3,0,3007,39926.0,60925.0,456042.4921793535,13.030341268758953,-2.672182137276168,,,,,,0.404787149842949,1789.80504042307,1789.80504042307,59.5212850157324,59.5212850157324,0.395958956115464,0.364180608059091,0.404642197075946,0.472659448853522,0.619252169173967,0.404787149842949,0.7249565072612891,non-CRS
Marmara,2004,4,0,2951,36848.5,60640.0,487617.3298178332,13.097286217011487,-2.672182137276168,,,,,,0.441026572753234,1649.5305838054,1649.5305838054,55.8973427246832,55.8973427246832,0.431408016372075,0.396784644714879,0.44086864278445,0.472659448853522,0.619434430198613,0.441026572753234,0.7611856893889566,non-CRS
Marmara,2005,5,0,3090,96080.5,44768.0,457582.7059344553,13.033712925358149,-2.672182137276168,,,,,,0.395244611441704,1868.69415064524,1868.69415064524,60.4755388558329,60.4755388558329,0.386624535431862,0.355595336914367,0.395103075822322,0.472659448853522,0.61953327566308,0.395244611441704,0.7267545710233787,non-CRS
Marmara,2006,6,0,3050,69088.5,67153.0,526229.3263412666,13.173492378344857,-2.672182137276168,,,,,,0.460500433001962,1645.47367934418,1645.47367934418,53.949956699809,53.949956699809,0.450457162025135,0.414304969333864,0.460335529517089,0.472659448853522,0.572937424841916,0.460500433001962,0.8037534520082438,non-CRS
Marmara,2007,7,0,2982,59381.0,44447.0,314226.9938650306,12.657870914114717,2.352099781254474,737.0,615.0,1228.0,881.0,371.0,0.281248805395653,2143.31606230936,2143.31606230936,71.8751194604078,71.8751194604078,0.275114917646614,0.253035109945725,0.281148091249214,0.472659448853522,0.592262537378047,0.281248805395653,0.5443715577849512,non-CRS
Marmara,2008,8,0,3077,58033.5,38402.0,217590.6255268926,12.290370711817578,2.359010201834981,973.0,705.0,932.0,881.0,389.0,0.188741550909568,2496.24224785122,2496.24224785122,81.1258449090419,81.1258449090419,0.18462519747193,0.169807793560176,0.188673963265115,0.472659448853522,0.57252433907336,0.188741550909568,0.4015263475341084,non-CRS
Marmara,2009,9,0,2963,53282.5,31709.0,146338.3958234457,11.893676998395197,1.9731555265531,819.0,691.0,757.0,776.0,432.0,0.131820050412789,2572.4171906269,2572.4171906269,86.8179949587209,86.8179949587209,0.128945124806476,0.118596418222156,0.131772846144967,0.472659448853522,0.553370786516855,0.131820050412789,0.2832362649551079,non-CRS
Marmara,2010,10,0,3028,50025.0,36529.0,157513.9579070447,11.96726935495319,2.116707234254187,1125.0,725.0,881.0,738.0,364.0,0.138841088043675,2607.58918540409,2607.58918540409,86.1158911956436,86.1158911956436,0.135813037318576,0.124913134932622,0.138791369568417,0.472659448853521,0.556889675662178,0.138841088043675,0.3029400374703785,non-CRS
Marmara,2011,11,0,2632,49512.5,36432.7,160226.1434854316,11.984341493094856,1.202215856939108,969.0,572.0,794.0,620.0,230.0,0.162480905116132,2204.35025773365,2204.35025773365,83.7519094883607,83.7519094883607,0.158937282479345,0.146181505134862,0.162422721310964,0.472659448853522,0.557951392189162,0.162480905116132,0.3075698855767035,non-CRS
Marmara,2012,12,1,2523,49602.0,45370.5,191555.4082018927,12.1629323836216,1.373029927087821,1045.0,647.0,587.0,664.0,299.0,0.202643184821704,2011.73124469479,2011.73124469479,79.7356815178278,79.7356815178278,0.198223644098347,0.182314874116331,0.202570619054177,0.472659448853522,0.567004629516758,0.202643184821704,0.3598007986086264,non-CRS
Marmara,2013,13,1,2492,44217.5,38283.6,173366.3731483658,12.063162398042394,1.10681922282834,1230.0,630.0,378.0,594.0,301.0,0.185682793280563,2029.27847914415,2029.27847914415,81.431720671916,81.431720671916,0.181633149729999,0.167055877612401,0.185616300966151,0.472659448853522,0.563095287618965,0.185682793280563,0.3297537687905372,non-CRS
Marmara,2014,14,1,2595,41237.5,30095.2,147331.676013805,11.900441623553379,1.038703048893745,1303.0,608.0,398.0,539.0,304.0,0.151535226366378,2201.76608757876,2201.76608757876,84.8464773633432,84.8464773633432,0.148230323196148,0.136333850770703,0.151480962167898,0.472659448853521,0.553370786516854,0.151535226366378,0.2851587472231696,non-CRS
Marmara,2015,15,1,2493,46559.5,29337.7,146536.085,11.895026991102123,1.16729807408293,1319.0,684.0,413.0,504.0,323.0,0.156883453425949,2101.88955060801,2101.88955060801,84.3116546573612,84.3116546573612,0.153461908251422,0.141145566220288,0.156827274047603,0.472659448853521,0.553370786516854,0.156883453425949,0.2836188900586591,non-CRS
Marmara,2016,16,1,2664,50414.5,29335.7,139391.1262640319,11.845039118639864,1.99522795096398,1677.0,725.0,472.0,654.0,440.0,0.139654759608075,2291.9597204034,2291.9597204034,86.0345240391666,86.0345240391666,0.136608963136704,0.125645182393448,0.139604749760436,0.472659448853522,0.553370786516854,0.139654759608075,0.2697899054357591,non-CRS
Marmara,2017,17,1,2742,46788.0,22062.2,127783.4317497491,11.758092170500575,2.03846725675818,1649.0,864.0,497.0,558.0,425.0,0.124383259040721,2400.94110371182,2400.94110371182,87.5616740959819,87.5616740959819,0.121670525921939,0.111905654434042,0.124338717859643,0.472659448853522,0.553370786516854,0.124383259040721,0.247323347563203,non-CRS
Marmara,2018,18,1,2676,45136.5,49706.9,228850.2122864413,12.340822973703998,2.161537328822021,1711.0,876.0,659.0,669.0,281.0,0.228254866391906,2065.18997753485,2065.18997753485,77.1745133607939,77.1745133607939,0.22327674843436,0.205357299675703,0.228173129176821,0.472659448853522,0.574884229232584,0.228254866391906,0.419121127174688,non-CRS
Marmara,2019,19,0,2735,48599.5,27156.7,148101.0353982301,11.905649991441647,2.261334646438216,1809.0,957.0,491.0,567.0,411.0,0.144529200081045,2339.71263777776,2339.71263777776,85.5470799918744,85.5470799918744,0.141377094640047,0.130030639530796,0.144477444714449,0.472659448853522,0.553370786516854,0.144529200081045,0.2866478333732111,non-CRS
Marmara,2020,20,0,2730,57088.0,21138.7,138874.8359715531,11.841328345818305,2.579865505812841,1709.0,893.0,608.0,563.0,589.0,0.135773729282135,2359.33771906024,2359.33771906024,86.4226270718038,86.4226270718038,0.132812576029854,0.122153480681321,0.135725109216534,0.472659448853522,0.553370786516854,0.135773729282135,0.2687906315737698,non-CRS
Marmara,2021,21,0,2676,50561.5,11364.8,92286.72284737024,11.432655562336382,2.400719865439615,1805.0,937.0,631.0,586.0,409.0,0.0920466421367501,2429.68318564157,2429.68318564157,90.7953357863067,90.7953357863067,0.0900391535369557,0.0828129107266676,0.0920136805781152,0.472659448853522,0.55337078651687,0.0920466421367501,0.1786198798824824,non-CRS
Marmara,2022,22,0,2674,52015.0,20435.8,146008.8806208761,11.89142272501102,2.328607747926536,1771.0,920.0,584.0,524.0,474.0,0.145737965825345,2284.29667938244,2284.29667938244,85.4262034174435,85.4262034174435,0.142559497842691,0.131118146987463,0.145685777604406,0.472659448853522,0.553370786516854,0.145737965825345,0.2825984921080295,non-CRS
Marmara,2023,23,0,2722,55646.0,48302.6,297725.5793072544,12.60392746641398,2.797120949457782,1895.0,998.0,656.0,592.0,511.0,0.291932780044684,1927.3589727177,1927.3589727177,70.8067219955069,70.8067219955069,0.285565880457033,0.262647313262049,0.291828240006687,0.472659448853522,0.58897304239402,0.291932780044684,0.5212303543674716,non-CRS
Marmara,2024,24,0,2640,58245.0,33225.5,253121.1166720764,12.441623375182843,2.692255850792678,1979.0,928.0,727.0,540.0,504.0,0.255905303099836,1964.40999981536,1964.40999981536,74.4094696899757,74.4094696899757,0.250324143736757,0.230233961045548,0.255813664366917,0.472659448853522,0.579916244760042,0.255905303099836,0.4561604207351829,non-CRS
Mediterranean,2000,0,0,1379,14678.5,14299.0,148524.8538011696,11.908507588885263,-2.672182137276168,,,,,,0.287468128969125,982.581450152182,982.581450152182,71.2531871031314,71.2531871031314,0.281198601060137,0.258630537175132,0.287365187705153,0.423487367161952,1.00000000000051,0.287468128969125,0.287468128969125,non-CRS
Mediterranean,2001,1,0,1393,12609.0,11094.0,109855.0450023686,11.606917003042826,-2.672182137276168,,,,,,0.210486247090593,1099.79265780282,1099.79265780282,78.951375290942,78.951375290942,0.205895653325701,0.18937115341574,0.21041087275168,0.423487367161952,1.0,0.210486247090593,0.2126231633047107,non-CRS
Mediterranean,2002,2,0,2421,20047.5,10793.0,113192.3579359895,11.63684393307297,-2.672182137276168,,,,,,0.12478924363189,2118.88524116727,2118.88524116727,87.5210756368139,87.5210756368139,0.12206765620435,0.112270912361647,0.124744557069789,0.423487367161952,1.0,0.12478924363189,0.21908249371487,non-CRS
Mediterranean,2003,3,0,2193,17530.0,11832.0,138393.8998957247,11.837859245296393,-2.672182137276168,,,,,,0.168435314202771,1823.62135595287,1823.62135595287,83.1564685797023,83.1564685797023,0.164761829052098,0.151538592983925,0.168374998146149,0.423487367161952,0.999999999999999,0.168435314202771,0.2678597853855524,non-CRS
Mediterranean,2004,4,0,2104,18720.0,10953.0,133886.1457334612,11.804745059062984,-2.672182137276168,,,,,,0.169841860616128,1746.65272526412,1746.65272526412,83.0158139384086,83.0158139384086,0.166137699431123,0.152804040585261,0.169781040879776,0.423487367161952,1.0,0.169841860616128,0.2591350795767464,non-CRS
Mediterranean,2005,5,0,2174,17133.5,16733.0,214781.665190434,12.277377280387247,-2.672182137276168,,,,,,0.263689295734007,1600.73947107472,1600.73947107472,73.6310704266202,73.6310704266202,0.257938371606498,0.237237096326807,0.263594869581911,0.423487367161952,0.952335918180997,0.263689295734007,0.397095200245129,non-CRS
Mediterranean,2006,6,0,2204,23869.0,14598.0,192360.830980234,12.167128215304466,-2.672182137276168,,,,,,0.232948484434091,1690.58154030718,1690.58154030718,76.705151556587,76.705151556587,0.227868001148393,0.209580073726714,0.232865066451742,0.423487367161952,0.967471096154395,0.232948484434091,0.3611139612738115,non-CRS
Mediterranean,2007,7,0,2166,19122.5,16739.0,202879.8103736754,12.22036901555822,0.5619419082717978,163.0,340.0,670.0,331.0,631.0,0.249997239358955,1624.50597954902,1624.50597954902,75.0002760641285,75.0002760641285,0.244544931741853,0.224918569371991,0.249907716280965,0.423487367161952,0.960253178547683,0.249997239358955,0.378131819951316,non-CRS
Mediterranean,2008,8,0,2183,18625.5,17274.0,193301.5511718091,12.172006689850251,1.013871630448014,201.0,379.0,750.0,397.0,712.0,0.236339568520699,1667.07072191848,1667.07072191848,76.3660431478919,76.3660431478919,0.231185127484436,0.212630978542507,0.236254936204312,0.423487367161952,0.966816911613751,0.236339568520699,0.3626458766810891,non-CRS
Mediterranean,2009,9,0,2196,18567.0,26423.0,195558.7881664294,12.183616319938004,0.9933007753165333,161.0,337.0,580.0,390.0,839.0,0.237683939196918,1674.04606952433,1674.04606952433,76.2316060803429,76.2316060803429,0.232500178146339,0.213840487614807,0.237598825465763,0.423487367161952,0.965254236166324,0.237683939196918,0.3663136254413837,non-CRS
Mediterranean,2010,10,0,2152,18965.0,24440.0,229085.3843905291,12.341850070642819,0.8048009075915658,236.0,366.0,579.0,381.0,712.0,0.284125328001416,1540.56229414019,1540.56229414019,71.5874671998232,71.5874671998232,0.277928704815196,0.255623071920511,0.284023583783008,0.423487367161952,0.943154247647667,0.284125328001416,0.4194857914255283,non-CRS
Mediterranean,2011,11,0,1966,20077.5,30612.7,236388.1349642661,12.373230372748006,0.485936260663816,224.0,397.0,571.0,393.0,528.0,0.320920156735769,1335.07097185822,1335.07097185822,67.907984326461,67.907984326461,0.313921057787633,0.288726798426844,0.320805236425947,0.423487367161952,0.938600647748264,0.320920156735769,0.4307527848085024,non-CRS
Mediterranean,2012,12,1,1959,19008.0,24882.9,201997.1041009464,12.216008640146649,0.7275527354418424,442.0,424.0,364.0,572.0,517.0,0.275210844024071,1419.86195655643,1419.86195655643,72.4789155975717,72.4789155975717,0.269208641020123,0.247602851425037,0.275112292048893,0.423487367161952,0.960850778374224,0.275210844024071,0.3767131364821367,non-CRS
Mediterranean,2013,13,1,1847,17493.0,17431.4,159013.0801786974,11.976741743093593,0.5983224651086452,461.0,520.0,305.0,481.0,479.0,0.229784531468269,1422.58797037704,1422.58797037704,77.0215468531152,77.0215468531152,0.224773052324716,0.206733515195557,0.22970224648642,0.423487367161952,0.991834280022158,0.229784531468269,0.3055013004877253,non-CRS
Mediterranean,2014,14,1,1860,15771.0,9681.9,85768.16544434857,11.359403184509457,0.5070100858102887,756.0,640.0,270.0,453.0,301.0,0.123074480549634,1631.0814661765,1631.0814661765,87.6925519449732,87.6925519449732,0.120390291199037,0.110728167089347,0.123030408038518,0.423487367161952,1.0,0.123074480549634,0.1660032877609277,non-CRS
Mediterranean,2015,15,1,1793,15897.5,8599.9,73254.67,11.201697279113308,0.3904708588763228,779.0,583.0,227.0,471.0,291.0,0.109046030663745,1597.48046702094,1597.48046702094,89.095396933683,89.095396933683,0.10666779438696,0.0981069922025893,0.109006981686754,0.423487367161952,0.999999999999926,0.109046030663745,0.141783562712179,non-CRS
Mediterranean,2016,16,1,1865,16484.0,9857.4,139521.7441321087,11.84597574001155,0.2197040351573299,525.0,592.0,189.0,250.0,477.0,0.199672334430799,1492.61109628762,1492.61109628762,80.0327665569771,80.0327665569771,0.195317586383078,0.179642046921856,0.199600832512986,0.423487367161952,0.999999999999999,0.199672334430799,0.2700427148030748,non-CRS
Mediterranean,2017,17,1,1832,17269.5,11899.8,156585.50016728,11.961357466727586,-0.1266291345948806,815.0,518.0,218.0,331.0,208.0,0.228129216791161,1414.06727483733,1414.06727483733,77.1870783208151,77.1870783208151,0.22315383918542,0.205244254714038,0.228047524571181,0.423487367161952,0.993701745721507,0.228129216791161,0.3013510509348123,non-CRS
Mediterranean,2018,18,1,1748,16754.0,10737.8,148082.6899309342,11.905526112472275,-0.2902356080496535,844.0,403.0,224.0,268.0,266.0,0.226108923034896,1352.76160253594,1352.76160253594,77.3891076965639,77.3891076965639,0.221177606966758,0.203426628316295,0.22602795427345,0.423487367161952,0.999999999999999,0.226108923034896,0.2866123259354592,non-CRS
Mediterranean,2019,19,0,1705,17721.5,11873.0,183287.0442477876,12.118808750739449,-0.008169448709293429,748.0,507.0,203.0,295.0,331.0,0.286920923023931,1215.79982624405,1215.79982624405,71.3079076975985,71.3079076975985,0.280663329387782,0.258138224625802,0.286818177712856,0.423487367161952,0.973871069103617,0.286920923023931,0.3462355890386709,non-CRS
Mediterranean,2020,20,0,1704,17067.5,13607.6,202259.3209451709,12.21730592011428,0.2601795594531469,804.0,499.0,297.0,353.0,356.0,0.316806285382107,1164.16208970918,1164.16208970918,68.3193714618064,68.3193714618064,0.309896907793146,0.285025613318442,0.316692838234209,0.423487367161952,0.960673102555816,0.316806285382107,0.3771347489960152,non-CRS
Mediterranean,2021,21,0,1675,18616.0,13381.6,248930.8982303078,12.424930619784478,0.3330344635839976,730.0,585.0,317.0,291.0,384.0,0.396660385629509,1010.59385407072,1010.59385407072,60.333961437058,60.333961437058,0.388009432333106,0.356869086599289,0.396518343026633,0.423487367161952,0.930981792080866,0.396660385629509,0.4498506337772589,non-CRS
Mediterranean,2022,22,0,1644,17544.5,11713.5,256930.8438217597,12.45656223747839,0.7091862638206771,887.0,588.0,396.0,395.0,394.0,0.417127924902984,958.241691459049,958.241691459049,58.2872075096745,58.2872075096745,0.408030585396509,0.375283408548728,0.416978552951033,0.423487367161952,0.903134101939275,0.417127924902984,0.4618670959355147,non-CRS
Mediterranean,2023,23,0,1595,16834.5,12198.0,253073.2906245333,12.441434412021671,0.9299311656768079,760.0,651.0,461.0,355.0,485.0,0.42348736716238,919.537649376687,919.537649376687,57.6512632838048,57.6512632838048,0.414251331582006,0.381004898348179,0.423335717917438,0.423487367161952,0.928519958820332,0.42348736716238,0.4560885990004622,non-CRS
Mediterranean,2024,24,0,1540,17267.0,11394.5,182076.0074130692,12.112179502027388,1.165424708606006,725.0,662.0,501.0,291.0,635.0,0.315563551847382,1054.03213015513,1054.03213015513,68.4436448152685,68.4436448152685,0.308681277619799,0.28390754557716,0.31545054971774,0.423487367161952,0.974737776114019,0.315563551847382,0.3442357281248699,non-CRS
West_Black_Sea,2000,0,0,2167,42539.0,97595.0,715798.6111111111,13.481154136981237,-2.672182137276168,,,,,,0.88163084268533,256.505963900975,256.505963900975,11.8369157314709,11.8369157314709,0.862402940124528,0.793189350249004,0.881315133973089,1.0,0.994307296761761,0.88163084268533,0.9886698856879769,CRS
West_Black_Sea,2001,1,0,2159,34902.5,121073.0,558290.8574135482,13.232635355405005,-2.672182137276168,,,,,,0.690180537646094,668.900219222312,668.900219222312,30.9819462354012,30.9819462354012,0.675128065018079,0.620944533363062,0.689933386572737,1.0,0.924216197974748,0.690180537646094,0.8377296445283086,non-CRS
West_Black_Sea,2002,2,0,2713,41282.5,130229.0,566873.2854343565,13.24789107525487,-2.672182137276168,,,,,,0.557687656250257,1199.99338859316,1199.99338859316,44.2312343749784,44.2312343749784,0.545524783316473,0.501742779727817,0.557487950382887,1.0,0.92807076043958,0.557687656250257,0.8466228186519515,non-CRS
West_Black_Sea,2003,3,0,2733,39763.5,107132.0,586624.0875912409,13.282139497742842,-2.672182137276168,,,,,,0.572895083186224,1167.27773765129,1167.27773765129,42.7104916813499,42.7104916813499,0.560400544311892,0.515424661652653,0.572689931596837,1.0,0.936925680326574,0.572895083186224,0.8667755899796246,non-CRS
West_Black_Sea,2004,4,0,2766,38193.0,118129.0,692404.7219558965,13.447925921954607,-2.672182137276168,,,,,,0.668132626817398,917.945154223588,917.945154223588,33.1867373182787,33.1867373182787,0.653561007467849,0.601108376076098,0.66789337101859,1.0,0.983983153510059,0.668132626817398,0.9677874041618111,CRS
West_Black_Sea,2005,5,0,2653,53194.0,63132.0,771712.1346324182,13.556366876868415,-2.672182137276168,,,,,,0.776377452642436,593.270618139662,593.270618139662,22.3622547357581,22.3622547357581,0.759445070871081,0.698494536935437,0.776099434776165,1.0,0.779838199065495,0.776377452642436,0.9955622250521287,CRS
West_Black_Sea,2006,6,0,2566,37380.0,50640.0,440574.3243243244,12.995834437309025,-2.672182137276168,,,,,,0.458265714877041,1390.0901756249,1390.0901756249,54.1734285122722,54.1734285122722,0.448271181921076,0.41229442871796,0.458101611636437,1.0,0.87092846929066,0.458265714877041,0.706718717405486,non-CRS
West_Black_Sea,2007,7,0,2594,45166.0,71441.0,393025.4694181074,12.881629696431133,0.7666158524908752,518.0,435.0,654.0,776.0,184.0,0.404394796071891,1544.99989899035,1544.99989899035,59.5605203928432,59.5605203928432,0.395575159372867,0.36382761356577,0.404249983805464,1.0,0.849180477171361,0.404394796071891,0.6485254084899907,non-CRS
West_Black_Sea,2008,8,0,2545,44347.0,23123.0,170594.7563648626,12.047046177136291,0.2859065916907027,466.0,486.0,493.0,592.0,162.0,0.178909221616327,2089.67603098742,2089.67603098742,82.1090778384056,82.1090778384056,0.17500730608182,0.160961802124449,0.178845154891862,1.0,0.744170925979692,0.178909221616327,0.3251084033704675,non-CRS
West_Black_Sea,2009,9,0,2560,39723.0,38000.0,163038.5698465433,12.00174207662308,0.0002720405411197505,486.0,438.0,483.0,513.0,130.0,0.169982897047844,2124.84378355752,2124.84378355752,83.0017102952156,83.0017102952156,0.166275659933206,0.152930928836583,0.169922026807257,1.0,0.740254226377364,0.169982897047844,0.3123522777899832,non-CRS
West_Black_Sea,2010,10,0,2549,40369.0,48121.0,226405.4370067232,12.330082640070172,0.313106094024944,574.0,422.0,556.0,604.0,157.0,0.237067408070116,1944.71517682861,1944.71517682861,76.2932591929623,76.2932591929623,0.231897093237966,0.213285804294098,0.236982515116979,1.0,0.77193441428526,0.237067408070116,0.4153233805475003,non-CRS
West_Black_Sea,2011,11,0,2182,40273.5,40608.2,221841.8169323804,12.309719870539118,0.3243305784477757,624.0,484.0,575.0,545.0,140.0,0.271358545183868,1589.89565440951,1589.89565440951,72.8641454816458,72.8641454816458,0.265440358780444,0.244136998976976,0.271261372702037,1.0,0.769795673265291,0.271358545183868,0.4082007781137765,non-CRS
West_Black_Sea,2012,12,1,2183,39156.5,53555.5,299420.251104101,12.609603387638508,0.17763026174424,705.0,443.0,402.0,549.0,165.0,0.366085282417119,1383.83582848274,1383.83582848274,63.3914717582564,63.3914717582564,0.35810115595709,0.329361148949709,0.365954188644892,1.0,0.805984922918619,0.366085282417119,0.5236294153993332,non-CRS
West_Black_Sea,2013,13,1,2113,38375.0,43105.3,231160.7253703268,12.350868528384598,-0.2755866126567725,743.0,401.0,268.0,393.0,171.0,0.291990946895868,1496.02312920848,1496.02312920848,70.800905310387,70.800905310387,0.285622778719985,0.262699645059775,0.291886386028579,1.0,0.774161661508168,0.291990946895868,0.4226989021011403,non-CRS
West_Black_Sea,2014,14,1,2126,34786.5,35162.5,253801.8065142364,12.444308952102483,-0.110604447180047,758.0,410.0,346.0,447.0,154.0,0.318629721338285,1448.59321243427,1448.59321243427,68.1370278661464,68.1370278661464,0.311680575575552,0.286666129860724,0.31851562122517,1.0,0.784747698258578,0.318629721338285,0.4571821417370053,non-CRS
West_Black_Sea,2015,15,1,2130,34729.0,39430.0,241966.293,12.396553710313782,-0.1834920195130092,821.0,380.0,289.0,393.0,202.0,0.303200632197237,1484.18265341964,1484.18265341964,69.6799367802648,69.6799367802648,0.296587986711169,0.272784821950077,0.303092057183176,1.0,0.77921769534829,0.303200632197237,0.4392854451041982,non-CRS
West_Black_Sea,2016,16,1,2036,33824.0,76623.8,386649.0564987476,12.865272729839578,0.2965197583988816,850.0,529.0,328.0,511.0,185.0,0.506866998807521,1004.0187904286,1004.0187904286,49.3133001192831,49.3133001192831,0.495812497543889,0.456020236567591,0.506685491627995,1.0,0.846254128383321,0.506866998807521,0.6404667702557509,non-CRS
West_Black_Sea,2017,17,1,2018,33793.5,39453.2,247807.8345600535,12.420408864142496,0.2212571212704987,937.0,494.0,345.0,478.0,174.0,0.3277545321011,1356.5913542207,1356.5913542207,67.2245467899256,67.2245467899256,0.320606379039366,0.294875578043832,0.327637164426765,1.0,0.781948124233634,0.3277545321011,0.4481535433264973,non-CRS
West_Black_Sea,2018,18,1,1953,32682.5,39271.4,258582.4667393675,12.462969942322822,0.04004999017507834,1109.0,481.0,314.0,420.0,117.0,0.35338789229856,1262.83344634,1262.83344634,64.6612107700973,64.6612107700973,0.34568068920427,0.317937507522842,0.353261345414686,1.0,0.786979051415831,0.35338789229856,0.4643322309832976,non-CRS
West_Black_Sea,2019,19,0,1882,28776.5,35355.5,202676.4222503161,12.219366007225222,-0.01242443678591553,1122.0,485.0,247.0,327.0,199.0,0.28743420282817,1341.04883027636,1341.04883027636,71.2565797171288,71.2565797171288,0.281165414831478,0.25860001436274,0.287331273714145,1.0,0.760800246565007,0.28743420282817,0.3778050863231288,non-CRS
West_Black_Sea,2020,20,0,1957,32852.0,87981.8,613437.5648084424,13.326833769100908,0.2909285429889629,1060.0,523.0,342.0,364.0,252.0,0.836631816449775,319.711535208064,319.711535208064,16.3368183550365,16.3368183550365,0.818385318859618,0.752704436775055,0.836332221720194,1.0,0.948912311509577,0.836631816449775,0.8934566016109069,non-CRS
West_Black_Sea,2021,21,0,1955,31747.5,60514.2,494356.222673871,13.111011634833536,0.1173727670296961,1227.0,494.0,330.0,361.0,156.0,0.674913442726966,635.544219469278,635.544219469278,32.5086557273288,32.5086557273288,0.66019393736788,0.607208969096912,0.674671758743748,1.0,0.895371616832151,0.674913442726966,0.7687495617084182,non-CRS
West_Black_Sea,2022,22,0,2026,34042.0,86362.8,725852.6454088307,13.495102305449759,0.4101777729280244,1300.0,542.0,371.0,371.0,211.0,0.956233287515465,88.6713594935918,88.6713594935918,4.37667124844974,4.37667124844974,0.935378345075309,0.860307992062435,0.955890863946426,1.0,0.998735182895637,0.956233287515465,0.9974938113759425,CRS
West_Black_Sea,2023,23,0,1914,33191.5,53317.3,373223.1610044314,12.829931806598864,0.2316072756727247,1229.0,509.0,332.0,391.0,172.0,0.520452966502845,917.853022114237,917.853022114237,47.9547033497511,47.9547033497511,0.509102162466419,0.468243317211781,0.520266594238761,1.0,0.840084855728537,0.520452966502845,0.6232937618687688,non-CRS
West_Black_Sea,2024,24,0,1945,31929.0,81693.5,728726.8488173642,13.499054247795545,0.2723915463539507,1227.0,500.0,403.0,334.0,213.0,1.0,0.0,0.0,0.0,0.0,0.978190528699762,0.899684212309224,0.999641903734413,1.0,0.999999999999899,1.0,1.0,CRS
